"TABLE_NAME","COLUMN_NAME","COLUMN_TYPE","IS_NULLABLE","COLUMN_KEY","COLUMN_DEFAULT","EXTRA","COLUMN_COMMENT"
ads_prj_rjh_workplanday_di_code,work_plan_id,varchar(64),NO,PRI,,"",作业计划ID
ads_prj_rjh_workplanday_di_code,work_plan_code_day,varchar(100),YES,"",,"",计划编号
ads_prj_rjh_workplanday_di_code,work_plan_name,text,YES,"",,"",计划名称
ads_prj_rjh_workplanday_di_code,mainsend,varchar(100),YES,"",,"",报送单位
ads_prj_rjh_workplanday_di_code,mainsend_id,varchar(64),YES,"",,"",报送单位ID
ads_prj_rjh_workplanday_di_code,substation_name,varchar(1500),YES,"",,"",变电站/线路名称
ads_prj_rjh_workplanday_di_code,substation_id,varchar(64),YES,"",,"",变电站/线路ID
ads_prj_rjh_workplanday_di_code,voltage_level,varchar(10),YES,"",,"",电压等级
ads_prj_rjh_workplanday_di_code,work_type,varchar(10),YES,"",,"",作业类型
ads_prj_rjh_workplanday_di_code,work_state,varchar(10),YES,"",,"",计划执行状态
ads_prj_rjh_workplanday_di_code,power_cut,varchar(10),YES,"",,"",是否停电(01 是 02 否)
ads_prj_rjh_workplanday_di_code,live_work_flag,varchar(10),YES,"",,"",是否带电作业（01 是 02 否）
ads_prj_rjh_workplanday_di_code,begin_time,datetime,YES,MUL,,"",计划开工时间
ads_prj_rjh_workplanday_di_code,end_time,datetime,YES,MUL,,"",计划结束时间
ads_prj_rjh_workplanday_di_code,workcontents,text,YES,"",,"",作业内容
ads_prj_rjh_workplanday_di_code,work_place,varchar(2000),YES,"",,"",作业地点
ads_prj_rjh_workplanday_di_code,work_place_reference,varchar(500),YES,"",,"",重点参照物
ads_prj_rjh_workplanday_di_code,longitude,varchar(50),YES,"",,"",经度
ads_prj_rjh_workplanday_di_code,latitude,varchar(50),YES,"",,"",纬度
ads_prj_rjh_workplanday_di_code,work_org,varchar(100),YES,"",,"",作业单位
ads_prj_rjh_workplanday_di_code,work_org_id,varchar(64),YES,"",,"",作业单位ID
ads_prj_rjh_workplanday_di_code,majorworker_num,varchar(10),YES,"",,"",主业单位作业人数
ads_prj_rjh_workplanday_di_code,outworker_num,varchar(10),YES,"",,"",外包单位作业人数
ads_prj_rjh_workplanday_di_code,industrialworker_num,varchar(10),YES,"",,"",产业单位作业人数
ads_prj_rjh_workplanday_di_code,work_manager,varchar(100),YES,"",,"",工作负责人
ads_prj_rjh_workplanday_di_code,work_manager_id,varchar(64),YES,"",,"",工作负责人ID
ads_prj_rjh_workplanday_di_code,work_manager_contact,varchar(256),YES,"",,"",工作负责人联系方式
ads_prj_rjh_workplanday_di_code,enter_people_name_province,varchar(200),YES,"",,"",省级到岗到位人员
ads_prj_rjh_workplanday_di_code,enter_people_name_province_id,varchar(200),YES,"",,"",省级到岗到位人员ID
ads_prj_rjh_workplanday_di_code,enter_people_name_city,varchar(200),YES,"",,"",市级到岗到位人员
ads_prj_rjh_workplanday_di_code,enter_people_name_city_id,varchar(200),YES,"",,"",市级到岗到位人员ID
ads_prj_rjh_workplanday_di_code,enter_people_name_county,varchar(200),YES,"",,"",县级到岗到位人员
ads_prj_rjh_workplanday_di_code,enter_people_name_county_id,varchar(200),YES,"",,"",县级到岗到位人员ID
ads_prj_rjh_workplanday_di_code,construction_org,varchar(200),YES,"",,"",施工单位
ads_prj_rjh_workplanday_di_code,construction_org_id,varchar(64),YES,"",,"",施工单位ID
ads_prj_rjh_workplanday_di_code,subcontract_org,varchar(1500),YES,"",,"",分包单位
ads_prj_rjh_workplanday_di_code,subcontract_nature,varchar(10),YES,"",,"",分包单位性质
ads_prj_rjh_workplanday_di_code,subcontract_org_id,varchar(1000),YES,"",,"",分包单位ID
ads_prj_rjh_workplanday_di_code,supervisororg,varchar(100),YES,"",,"",监理单位
ads_prj_rjh_workplanday_di_code,supervisororg_id,varchar(64),YES,"",,"",监理单位ID
ads_prj_rjh_workplanday_di_code,workrisk_level,varchar(10),YES,"",,"",作业风险等级
ads_prj_rjh_workplanday_di_code,gridrisk_level,varchar(10),YES,"",,"",电网风险等级
ads_prj_rjh_workplanday_di_code,week_work_plan_id,varchar(128),YES,"",,"",关联周计划ID
ads_prj_rjh_workplanday_di_code,project_name,varchar(64),YES,"",,"",项目名称
ads_prj_rjh_workplanday_di_code,project_id,varchar(64),YES,"",,"",项目ID
ads_prj_rjh_workplanday_di_code,create_time,datetime,NO,PRI,,"",创建时间
ads_prj_rjh_workplanday_di_code,update_time,datetime,YES,"",,"",更新时间
ads_prj_rjh_workplanday_di_code,datafill_org,varchar(100),YES,"",,"",数据填报单位
ads_prj_rjh_workplanday_di_code,datafill_org_id,varchar(64),YES,"",,"",数据填报单位ID
ads_prj_rjh_workplanday_di_code,datareport_org,varchar(100),YES,"",,"",数据上报单位
ads_prj_rjh_workplanday_di_code,datareport_org_id,varchar(64),YES,"",,"",数据上报单位ID
ads_prj_rjh_workplanday_di_code,datacommon_id,varchar(64),YES,"",,"",同一条数据公共ID
ads_prj_rjh_workplanday_di_code,province_code,varchar(16),YES,"",,"",省编码
ads_prj_rjh_workplanday_di_code,city_code,varchar(16),YES,"",,"",市编码
ads_prj_rjh_workplanday_di_code,date_indexs,varchar(20),YES,MUL,,"",时间索引
ads_prj_rjh_workplanday_di_code,inspect_manage_man_id,varchar(64),YES,"",,"",勘察负责人id
ads_prj_rjh_workplanday_di_code,inspectman_id,varchar(64),YES,"",,"",勘察管理人id
ads_prj_rjh_workplanday_di_code,survey_status,varchar(10),YES,"",,"",勘察状态
ads_prj_rjh_workplanday_di_code,wrok_plan_type,varchar(10),YES,"",,"",计划来源
ads_prj_rjh_workplanday_di_code,video_bond_time,varchar(10),YES,"",,"",布控球开机时间
ads_prj_rjh_workplanday_di_code,is_temporary,char(10),YES,"",,"",是否临时抢修计划（0：临时抢修计划，1：日计划 ）
ads_prj_rjh_workplanday_di_code,manage_dep,varchar(100),YES,"",,"",专业管理部门
ads_prj_rjh_workplanday_di_code,cancel_reason,varchar(1000),YES,"",,"",取消原因
ads_prj_rjh_workplanday_di_code,supervise_type,varchar(20),YES,"",,"",是否督查
ads_prj_rjh_workplanday_di_code,real_begin_time,datetime,YES,"",,"",实际开工时间
ads_prj_rjh_workplanday_di_code,real_end_time,datetime,YES,"",,"",实际完工时间
ads_prj_rjh_workplanday_di_code,title,varchar(100),YES,"",,"",工作票id
ads_prj_rjh_workplanday_di_code,pw_work_type,varchar(10),YES,"",,"",配网作业类型
ads_prj_rjh_workplanday_di_code,is_multi_contents,varchar(10),YES,"",,"",是否多地点作业
ads_prj_rjh_workplanday_di_code,entr_time,time,YES,"",,"",入场时间
ads_prj_rjh_workplanday_di_code,left_time,time,YES,"",,"",离场时间
ads_prj_rjh_workplanday_di_code,point_code,varchar(500),YES,MUL,,"",坐标点
ads_prj_rjh_workplanday_di_code_copy1,work_plan_id,varchar(64),NO,PRI,,"",作业计划ID
ads_prj_rjh_workplanday_di_code_copy1,work_plan_code_day,varchar(100),YES,"",,"",计划编号
ads_prj_rjh_workplanday_di_code_copy1,work_plan_name,text,YES,"",,"",计划名称
ads_prj_rjh_workplanday_di_code_copy1,mainsend,varchar(100),YES,"",,"",报送单位
ads_prj_rjh_workplanday_di_code_copy1,mainsend_id,varchar(64),YES,"",,"",报送单位ID
ads_prj_rjh_workplanday_di_code_copy1,substation_name,varchar(1500),YES,"",,"",变电站/线路名称
ads_prj_rjh_workplanday_di_code_copy1,substation_id,varchar(64),YES,"",,"",变电站/线路ID
ads_prj_rjh_workplanday_di_code_copy1,voltage_level,varchar(10),YES,"",,"",电压等级
ads_prj_rjh_workplanday_di_code_copy1,work_type,varchar(10),YES,"",,"",作业类型
ads_prj_rjh_workplanday_di_code_copy1,work_state,varchar(10),YES,"",,"",计划执行状态
ads_prj_rjh_workplanday_di_code_copy1,power_cut,varchar(10),YES,"",,"",是否停电(01 是 02 否)
ads_prj_rjh_workplanday_di_code_copy1,live_work_flag,varchar(10),YES,"",,"",是否带电作业（01 是 02 否）
ads_prj_rjh_workplanday_di_code_copy1,begin_time,datetime,YES,"",,"",计划开工时间
ads_prj_rjh_workplanday_di_code_copy1,end_time,datetime,YES,"",,"",计划结束时间
ads_prj_rjh_workplanday_di_code_copy1,workcontents,text,YES,"",,"",作业内容
ads_prj_rjh_workplanday_di_code_copy1,work_place,varchar(2000),YES,"",,"",作业地点
ads_prj_rjh_workplanday_di_code_copy1,work_place_reference,varchar(500),YES,"",,"",重点参照物
ads_prj_rjh_workplanday_di_code_copy1,longitude,varchar(50),YES,"",,"",经度
ads_prj_rjh_workplanday_di_code_copy1,latitude,varchar(50),YES,"",,"",纬度
ads_prj_rjh_workplanday_di_code_copy1,work_org,varchar(100),YES,"",,"",作业单位
ads_prj_rjh_workplanday_di_code_copy1,work_org_id,varchar(64),YES,"",,"",作业单位ID
ads_prj_rjh_workplanday_di_code_copy1,majorworker_num,varchar(10),YES,"",,"",主业单位作业人数
ads_prj_rjh_workplanday_di_code_copy1,outworker_num,varchar(10),YES,"",,"",外包单位作业人数
ads_prj_rjh_workplanday_di_code_copy1,industrialworker_num,varchar(10),YES,"",,"",产业单位作业人数
ads_prj_rjh_workplanday_di_code_copy1,work_manager,varchar(100),YES,"",,"",工作负责人
ads_prj_rjh_workplanday_di_code_copy1,work_manager_id,varchar(64),YES,"",,"",工作负责人ID
ads_prj_rjh_workplanday_di_code_copy1,work_manager_contact,varchar(256),YES,"",,"",工作负责人联系方式
ads_prj_rjh_workplanday_di_code_copy1,enter_people_name_province,varchar(200),YES,"",,"",省级到岗到位人员
ads_prj_rjh_workplanday_di_code_copy1,enter_people_name_province_id,varchar(200),YES,"",,"",省级到岗到位人员ID
ads_prj_rjh_workplanday_di_code_copy1,enter_people_name_city,varchar(200),YES,"",,"",市级到岗到位人员
ads_prj_rjh_workplanday_di_code_copy1,enter_people_name_city_id,varchar(200),YES,"",,"",市级到岗到位人员ID
ads_prj_rjh_workplanday_di_code_copy1,enter_people_name_county,varchar(200),YES,"",,"",县级到岗到位人员
ads_prj_rjh_workplanday_di_code_copy1,enter_people_name_county_id,varchar(200),YES,"",,"",县级到岗到位人员ID
ads_prj_rjh_workplanday_di_code_copy1,construction_org,varchar(200),YES,"",,"",施工单位
ads_prj_rjh_workplanday_di_code_copy1,construction_org_id,varchar(64),YES,"",,"",施工单位ID
ads_prj_rjh_workplanday_di_code_copy1,subcontract_org,varchar(1500),YES,"",,"",分包单位
ads_prj_rjh_workplanday_di_code_copy1,subcontract_nature,varchar(10),YES,"",,"",分包单位性质
ads_prj_rjh_workplanday_di_code_copy1,subcontract_org_id,varchar(1000),YES,"",,"",分包单位ID
ads_prj_rjh_workplanday_di_code_copy1,supervisororg,varchar(100),YES,"",,"",监理单位
ads_prj_rjh_workplanday_di_code_copy1,supervisororg_id,varchar(64),YES,"",,"",监理单位ID
ads_prj_rjh_workplanday_di_code_copy1,workrisk_level,varchar(10),YES,"",,"",作业风险等级
ads_prj_rjh_workplanday_di_code_copy1,gridrisk_level,varchar(10),YES,"",,"",电网风险等级
ads_prj_rjh_workplanday_di_code_copy1,week_work_plan_id,varchar(128),YES,"",,"",关联周计划ID
ads_prj_rjh_workplanday_di_code_copy1,project_name,varchar(64),YES,"",,"",项目名称
ads_prj_rjh_workplanday_di_code_copy1,project_id,varchar(64),YES,"",,"",项目ID
ads_prj_rjh_workplanday_di_code_copy1,create_time,datetime,NO,PRI,,"",创建时间
ads_prj_rjh_workplanday_di_code_copy1,update_time,datetime,YES,"",,"",更新时间
ads_prj_rjh_workplanday_di_code_copy1,datafill_org,varchar(100),YES,"",,"",数据填报单位
ads_prj_rjh_workplanday_di_code_copy1,datafill_org_id,varchar(64),YES,"",,"",数据填报单位ID
ads_prj_rjh_workplanday_di_code_copy1,datareport_org,varchar(100),YES,"",,"",数据上报单位
ads_prj_rjh_workplanday_di_code_copy1,datareport_org_id,varchar(64),YES,"",,"",数据上报单位ID
ads_prj_rjh_workplanday_di_code_copy1,datacommon_id,varchar(64),YES,"",,"",同一条数据公共ID
ads_prj_rjh_workplanday_di_code_copy1,province_code,varchar(16),YES,"",,"",省编码
ads_prj_rjh_workplanday_di_code_copy1,city_code,varchar(16),YES,"",,"",市编码
ads_prj_rjh_workplanday_di_code_copy1,date_indexs,varchar(20),YES,MUL,,"",时间索引
ads_prj_rjh_workplanday_di_code_copy1,inspect_manage_man_id,varchar(64),YES,"",,"",勘察负责人id
ads_prj_rjh_workplanday_di_code_copy1,inspectman_id,varchar(64),YES,"",,"",勘察管理人id
ads_prj_rjh_workplanday_di_code_copy1,survey_status,varchar(10),YES,"",,"",勘察状态
ads_prj_rjh_workplanday_di_code_copy1,wrok_plan_type,varchar(10),YES,"",,"",计划来源
ads_prj_rjh_workplanday_di_code_copy1,video_bond_time,varchar(10),YES,"",,"",布控球开机时间
ads_prj_rjh_workplanday_di_code_copy1,is_temporary,char(10),YES,"",,"",是否临时抢修计划（0：临时抢修计划，1：日计划 ）
ads_prj_rjh_workplanday_di_code_copy1,manage_dep,varchar(100),YES,"",,"",专业管理部门
ads_prj_rjh_workplanday_di_code_copy1,cancel_reason,varchar(1000),YES,"",,"",取消原因
ads_prj_rjh_workplanday_di_code_copy1,supervise_type,varchar(20),YES,"",,"",是否督查
ads_prj_rjh_workplanday_di_code_copy1,real_begin_time,datetime,YES,"",,"",实际开工时间
ads_prj_rjh_workplanday_di_code_copy1,real_end_time,datetime,YES,"",,"",实际完工时间
ads_prj_rjh_workplanday_di_code_copy1,title,varchar(100),YES,"",,"",工作票id
ads_prj_rjh_workplanday_di_code_copy1,pw_work_type,varchar(10),YES,"",,"",配网作业类型
ads_prj_rjh_workplanday_di_code_copy1,is_multi_contents,varchar(10),YES,"",,"",是否多地点作业
ads_prj_rjh_workplanday_di_code_copy1,entr_time,time,YES,"",,"",入场时间
ads_prj_rjh_workplanday_di_code_copy1,left_time,time,YES,"",,"",离场时间
ads_prj_rjh_workplanday_di_code_copy1,point_code,varchar(64),YES,MUL,,"",坐标点
ads_prj_rjh_workplanday_di_code_copy2,work_plan_id,varchar(64),NO,PRI,,"",作业计划ID
ads_prj_rjh_workplanday_di_code_copy2,work_plan_code_day,varchar(100),YES,"",,"",计划编号
ads_prj_rjh_workplanday_di_code_copy2,work_plan_name,text,YES,"",,"",计划名称
ads_prj_rjh_workplanday_di_code_copy2,mainsend,varchar(100),YES,"",,"",报送单位
ads_prj_rjh_workplanday_di_code_copy2,mainsend_id,varchar(64),YES,"",,"",报送单位ID
ads_prj_rjh_workplanday_di_code_copy2,substation_name,varchar(1500),YES,"",,"",变电站/线路名称
ads_prj_rjh_workplanday_di_code_copy2,substation_id,varchar(64),YES,"",,"",变电站/线路ID
ads_prj_rjh_workplanday_di_code_copy2,voltage_level,varchar(10),YES,"",,"",电压等级
ads_prj_rjh_workplanday_di_code_copy2,work_type,varchar(10),YES,"",,"",作业类型
ads_prj_rjh_workplanday_di_code_copy2,work_state,varchar(10),YES,"",,"",计划执行状态
ads_prj_rjh_workplanday_di_code_copy2,power_cut,varchar(10),YES,"",,"",是否停电(01 是 02 否)
ads_prj_rjh_workplanday_di_code_copy2,live_work_flag,varchar(10),YES,"",,"",是否带电作业（01 是 02 否）
ads_prj_rjh_workplanday_di_code_copy2,begin_time,datetime,YES,MUL,,"",计划开工时间
ads_prj_rjh_workplanday_di_code_copy2,end_time,datetime,YES,MUL,,"",计划结束时间
ads_prj_rjh_workplanday_di_code_copy2,workcontents,text,YES,"",,"",作业内容
ads_prj_rjh_workplanday_di_code_copy2,work_place,varchar(2000),YES,"",,"",作业地点
ads_prj_rjh_workplanday_di_code_copy2,work_place_reference,varchar(500),YES,"",,"",重点参照物
ads_prj_rjh_workplanday_di_code_copy2,longitude,varchar(50),YES,"",,"",经度
ads_prj_rjh_workplanday_di_code_copy2,latitude,varchar(50),YES,"",,"",纬度
ads_prj_rjh_workplanday_di_code_copy2,work_org,varchar(100),YES,"",,"",作业单位
ads_prj_rjh_workplanday_di_code_copy2,work_org_id,varchar(64),YES,"",,"",作业单位ID
ads_prj_rjh_workplanday_di_code_copy2,majorworker_num,varchar(10),YES,"",,"",主业单位作业人数
ads_prj_rjh_workplanday_di_code_copy2,outworker_num,varchar(10),YES,"",,"",外包单位作业人数
ads_prj_rjh_workplanday_di_code_copy2,industrialworker_num,varchar(10),YES,"",,"",产业单位作业人数
ads_prj_rjh_workplanday_di_code_copy2,work_manager,varchar(100),YES,"",,"",工作负责人
ads_prj_rjh_workplanday_di_code_copy2,work_manager_id,varchar(64),YES,"",,"",工作负责人ID
ads_prj_rjh_workplanday_di_code_copy2,work_manager_contact,varchar(256),YES,"",,"",工作负责人联系方式
ads_prj_rjh_workplanday_di_code_copy2,enter_people_name_province,varchar(200),YES,"",,"",省级到岗到位人员
ads_prj_rjh_workplanday_di_code_copy2,enter_people_name_province_id,varchar(200),YES,"",,"",省级到岗到位人员ID
ads_prj_rjh_workplanday_di_code_copy2,enter_people_name_city,varchar(200),YES,"",,"",市级到岗到位人员
ads_prj_rjh_workplanday_di_code_copy2,enter_people_name_city_id,varchar(200),YES,"",,"",市级到岗到位人员ID
ads_prj_rjh_workplanday_di_code_copy2,enter_people_name_county,varchar(200),YES,"",,"",县级到岗到位人员
ads_prj_rjh_workplanday_di_code_copy2,enter_people_name_county_id,varchar(200),YES,"",,"",县级到岗到位人员ID
ads_prj_rjh_workplanday_di_code_copy2,construction_org,varchar(200),YES,"",,"",施工单位
ads_prj_rjh_workplanday_di_code_copy2,construction_org_id,varchar(64),YES,"",,"",施工单位ID
ads_prj_rjh_workplanday_di_code_copy2,subcontract_org,varchar(1500),YES,"",,"",分包单位
ads_prj_rjh_workplanday_di_code_copy2,subcontract_nature,varchar(10),YES,"",,"",分包单位性质
ads_prj_rjh_workplanday_di_code_copy2,subcontract_org_id,varchar(1000),YES,"",,"",分包单位ID
ads_prj_rjh_workplanday_di_code_copy2,supervisororg,varchar(100),YES,"",,"",监理单位
ads_prj_rjh_workplanday_di_code_copy2,supervisororg_id,varchar(64),YES,"",,"",监理单位ID
ads_prj_rjh_workplanday_di_code_copy2,workrisk_level,varchar(10),YES,"",,"",作业风险等级
ads_prj_rjh_workplanday_di_code_copy2,gridrisk_level,varchar(10),YES,"",,"",电网风险等级
ads_prj_rjh_workplanday_di_code_copy2,week_work_plan_id,varchar(128),YES,"",,"",关联周计划ID
ads_prj_rjh_workplanday_di_code_copy2,project_name,varchar(64),YES,"",,"",项目名称
ads_prj_rjh_workplanday_di_code_copy2,project_id,varchar(64),YES,"",,"",项目ID
ads_prj_rjh_workplanday_di_code_copy2,create_time,datetime,NO,PRI,,"",创建时间
ads_prj_rjh_workplanday_di_code_copy2,update_time,datetime,YES,"",,"",更新时间
ads_prj_rjh_workplanday_di_code_copy2,datafill_org,varchar(100),YES,"",,"",数据填报单位
ads_prj_rjh_workplanday_di_code_copy2,datafill_org_id,varchar(64),YES,"",,"",数据填报单位ID
ads_prj_rjh_workplanday_di_code_copy2,datareport_org,varchar(100),YES,"",,"",数据上报单位
ads_prj_rjh_workplanday_di_code_copy2,datareport_org_id,varchar(64),YES,"",,"",数据上报单位ID
ads_prj_rjh_workplanday_di_code_copy2,datacommon_id,varchar(64),YES,"",,"",同一条数据公共ID
ads_prj_rjh_workplanday_di_code_copy2,province_code,varchar(16),YES,"",,"",省编码
ads_prj_rjh_workplanday_di_code_copy2,city_code,varchar(16),YES,"",,"",市编码
ads_prj_rjh_workplanday_di_code_copy2,date_indexs,varchar(20),YES,MUL,,"",时间索引
ads_prj_rjh_workplanday_di_code_copy2,inspect_manage_man_id,varchar(64),YES,"",,"",勘察负责人id
ads_prj_rjh_workplanday_di_code_copy2,inspectman_id,varchar(64),YES,"",,"",勘察管理人id
ads_prj_rjh_workplanday_di_code_copy2,survey_status,varchar(10),YES,"",,"",勘察状态
ads_prj_rjh_workplanday_di_code_copy2,wrok_plan_type,varchar(10),YES,"",,"",计划来源
ads_prj_rjh_workplanday_di_code_copy2,video_bond_time,varchar(10),YES,"",,"",布控球开机时间
ads_prj_rjh_workplanday_di_code_copy2,is_temporary,char(10),YES,"",,"",是否临时抢修计划（0：临时抢修计划，1：日计划 ）
ads_prj_rjh_workplanday_di_code_copy2,manage_dep,varchar(100),YES,"",,"",专业管理部门
ads_prj_rjh_workplanday_di_code_copy2,cancel_reason,varchar(1000),YES,"",,"",取消原因
ads_prj_rjh_workplanday_di_code_copy2,supervise_type,varchar(20),YES,"",,"",是否督查
ads_prj_rjh_workplanday_di_code_copy2,real_begin_time,datetime,YES,"",,"",实际开工时间
ads_prj_rjh_workplanday_di_code_copy2,real_end_time,datetime,YES,"",,"",实际完工时间
ads_prj_rjh_workplanday_di_code_copy2,title,varchar(100),YES,"",,"",工作票id
ads_prj_rjh_workplanday_di_code_copy2,pw_work_type,varchar(10),YES,"",,"",配网作业类型
ads_prj_rjh_workplanday_di_code_copy2,is_multi_contents,varchar(10),YES,"",,"",是否多地点作业
ads_prj_rjh_workplanday_di_code_copy2,entr_time,time,YES,"",,"",入场时间
ads_prj_rjh_workplanday_di_code_copy2,left_time,time,YES,"",,"",离场时间
ads_prj_rjh_workplanday_di_code_copy2,point_code,varchar(500),YES,MUL,,"",坐标点
ai_uav_resource,id,bigint(20),NO,PRI,,auto_increment,""
ai_uav_resource,uuid,varchar(64),YES,"",,"",id
ai_uav_resource,type,tinyint(1),YES,"",,"",类型 1是工作现场 2 车辆 3 人员
ai_uav_resource,coordinate,varchar(50),YES,"",,"",坐标
ai_uav_resource,content,varchar(1000),YES,"",,"",内容
ai_uav_resource,create_time,datetime,YES,"",,"",""
ai_uav_resource,update_time,datetime,YES,"",,"",""
bd_org,isc_id,varchar(255),NO,PRI,,"",""
bd_org,bmmc,varchar(255),YES,"",,"",部门名称
bd_org,bmxz,varchar(255),YES,MUL,,"",部门性质
bd_org,bmbm,varchar(255),YES,"",,"",部门编码
bd_org,sjbm_id,varchar(255),YES,"",,"",上级部门id
bd_org,xssx,int(11),YES,"",,"",显示顺序
bd_org,cjsj,datetime,YES,"",,"",创建时间
bd_org,tbsj,datetime,YES,"",,"",同步时间
bd_org,cxsj,datetime,YES,"",,"",撤销时间
bd_org,sfyx,int(11),YES,"",,"",数据有效性
bd_org,ssws_id,varchar(255),YES,MUL,,"",所属网省id
bd_org,ssds_id,varchar(255),YES,"",,"",所属地市id
bd_org,ssgd_id,varchar(255),YES,"",,"",所属供电公司id
bd_org,dwjb,varchar(255),YES,MUL,,"",单位级别
bd_org,path,varchar(1000),YES,"",,"",组织全路径
bd_org,path_id,varchar(1000),YES,"",,"",组织全路径id
bd_org,ssywdw_id,varchar(255),YES,"",,"",所属运维单位id
bd_org,zzjgqc,varchar(255),YES,"",,"",组织机构全称
bd_org,sjbmmc,varchar(255),YES,"",,"",上级部门名称
bd_org,sswsmc,varchar(255),YES,"",,"",所属网省名称
bd_org,ssdsmc,varchar(255),YES,"",,"",所属地市名称
bd_org,ssgdmc,varchar(255),YES,"",,"",所属供电公司名称
bd_org,ssywdwmc,varchar(255),YES,"",,"",所属运维单位名称
bd_org,sfcx,int(11),YES,"",,"",是否撤销
bd_org,extend_field_update_time,datetime,YES,"",,"",从中台导出时间
bd_org,create_time,datetime,YES,"",,"",创建时间
bd_org,update_time,datetime,YES,"",,"",更新时间
bd_org,extend_type,int(11),YES,"",,"",扩展类型，1 省公司信通审批处室  2 省公司数字化部审批处室  3 省公司专业部门审批处室  4 地市数字化专业部门审批处室  5 当前单位审批部门
bd_user,isc_id,varchar(255),NO,PRI,,"",""
bd_user,rymc,varchar(255),YES,"",,"",人员名称
bd_user,ssbm_id,varchar(255),YES,"",,"",所属部门id
bd_user,cjsj,varchar(255),YES,"",,"",创建时间
bd_user,tbsj,varchar(255),YES,"",,"",同步时间
bd_user,sfyx,varchar(255),YES,"",,"",数据有效性
bd_user,ryxb,varchar(255),YES,"",,"",人员性别
bd_user,ssdw_id,varchar(255),YES,"",,"",所属单位id
bd_user,approver,int(11),YES,"",,"",是否具有审批权限：1 账号审批权限
bd_user,login_name,varchar(255),YES,"",,"",人员登录名
bd_user,login_password,varchar(255),YES,"",,"",登录密码
bd_user,sftx,varchar(255),YES,"",,"",是否退休
bd_user,extend_field_update_time,varchar(255),YES,"",,"",从中台导出时间
bd_user,create_time,datetime,YES,"",,"",创建时间
bd_user,update_time,datetime,YES,"",,"",更新时间
bd_user,role,int(11),YES,"",,"",角色：1：超级管理员；2：普通角色
e_point,id,int(11),NO,PRI,,auto_increment,""
e_point,project,varchar(255),YES,MUL,,"",项目
e_point,longitude,double,YES,"",,"",经度
e_point,latitude,double,YES,"",,"",纬度
e_point,point_code,varchar(56),YES,MUL,,"",点位编码
e_point,remark,varchar(255),YES,"",,"",""
e_point,geo_point,point,YES,"",,"",坐标
e_point,sort,int(5),YES,"",,"",杆塔顺序
e_point_0527liuchangtigongzuixin,id,int(11),NO,PRI,,auto_increment,""
e_point_0527liuchangtigongzuixin,project,varchar(255),YES,MUL,,"",项目
e_point_0527liuchangtigongzuixin,longitude,double,YES,"",,"",经度
e_point_0527liuchangtigongzuixin,latitude,double,YES,"",,"",纬度
e_point_0527liuchangtigongzuixin,point_code,varchar(56),YES,MUL,,"",点位编码
e_point_0527liuchangtigongzuixin,remark,varchar(255),YES,"",,"",""
e_point_0527liuchangtigongzuixin,geo_point,point,YES,"",,"",坐标
e_point_0527liuchangtigongzuixin,sort,int(5),YES,"",,"",杆塔顺序
e_point_0529yuanbiao,id,int(11),NO,PRI,,auto_increment,""
e_point_0529yuanbiao,project,varchar(255),YES,MUL,,"",项目
e_point_0529yuanbiao,longitude,double,YES,"",,"",经度
e_point_0529yuanbiao,latitude,double,YES,"",,"",纬度
e_point_0529yuanbiao,point_code,varchar(56),YES,MUL,,"",点位编码
e_point_0529yuanbiao,remark,varchar(255),YES,"",,"",""
e_point_0529yuanbiao,geo_point,point,YES,"",,"",坐标
e_point_0529yuanbiao,sort,int(5),YES,"",,"",杆塔顺序
e_point_0603bak,id,int(11),NO,PRI,,auto_increment,""
e_point_0603bak,project,varchar(255),YES,MUL,,"",项目
e_point_0603bak,longitude,double,YES,"",,"",经度
e_point_0603bak,latitude,double,YES,"",,"",纬度
e_point_0603bak,point_code,varchar(56),YES,MUL,,"",点位编码
e_point_0603bak,remark,varchar(255),YES,"",,"",""
e_point_0603bak,geo_point,point,YES,"",,"",坐标
e_point_0603bak,sort,int(5),YES,"",,"",杆塔顺序
e_point_0604bak,id,int(11),NO,PRI,,auto_increment,""
e_point_0604bak,project,varchar(255),YES,MUL,,"",项目
e_point_0604bak,longitude,double,YES,"",,"",经度
e_point_0604bak,latitude,double,YES,"",,"",纬度
e_point_0604bak,point_code,varchar(56),YES,MUL,,"",点位编码
e_point_0604bak,remark,varchar(255),YES,"",,"",""
e_point_0604bak,geo_point,point,YES,"",,"",坐标
e_point_0604bak,sort,int(5),YES,"",,"",杆塔顺序
e_point_code,id,int(11),NO,PRI,,auto_increment,""
e_point_code,project,varchar(255),YES,"",,"",项目
e_point_code,point_code_,varchar(56),YES,"",,"",点位编码
e_point_code,project_code,varchar(255),YES,"",,"",包段编码
e_point_santongdao_bao12,id,int(11),NO,PRI,,auto_increment,""
e_point_santongdao_bao12,name,varchar(255),YES,"",,"",""
e_point_santongdao_bao12,o_lat,double,YES,"",,"",""
e_point_santongdao_bao12,o_lng,double,YES,"",,"",""
e_point_santongdao_bao12_copy1,id,int(11),NO,PRI,,auto_increment,""
e_point_santongdao_bao12_copy1,name,varchar(255),YES,"",,"",""
e_point_santongdao_bao12_copy1,o_lat,double,YES,"",,"",""
e_point_santongdao_bao12_copy1,o_lng,double,YES,"",,"",""
e_point_uav_resource,id,int(11),NO,PRI,,auto_increment,""
e_point_uav_resource,uav_resource_id,varchar(125),YES,MUL,,"",无人机资源id
e_point_uav_resource,e_point_id,varchar(125),YES,"",,"",e基建原始坐标点位
e_point_uav_resource,plan_id,varchar(125),YES,MUL,,"",作业计划id
e_point_uav_resource,check_status,int(11),YES,MUL,,"",核查状态 0 未核查   1 已核查
e_point_uav_resource,risk_level,int(11),YES,MUL,,"",风险等级  风险等级 0无风险   1低风险   2中风险    3高风险
e_point_uav_resource,check_time,datetime,YES,"",,"",核查时间
e_point_uav_resource,create_time,datetime,YES,"",,"",""
e_point_uav_resource,update_time,datetime,YES,"",,"",""
e_point_uav_resource,check_remark,varchar(300),YES,"",,"",核查描述
e_point_uav_resource,data_resource,int(1),YES,"",,"",数据来源
e_point_uav_resource,ai_check_status,tinyint(1),YES,"",,"",核查状态 0 未核查   1 已核查
e_point_uav_resource,ai_risk_level,tinyint(1),YES,"",,"",风险等级  风险等级 0无风险   1低风险   2中风险    3高风险
e_point_uav_resource,is_ai,tinyint(1),YES,"",,"",是否ai
e_project,id,int(11),NO,PRI,,auto_increment,""
e_project,project_name,varchar(255),YES,"",,"",工程名称
e_project,project_name_bak,varchar(255),YES,"",,"",工程名称
e_project_bao_duan,id,int(11),NO,PRI,,auto_increment,""
e_project_bao_duan,e_project_name,varchar(255),YES,"",,"",工程名称
e_project_bao_duan,bao_duan,varchar(255),YES,"",,"",包段
e_project_bao_duan,project_baoduan,varchar(255),YES,"",,"",标段
e_project_bao_duan,code,varchar(255),YES,"",,"",人员编码或部门编码
e_team,id,varchar(64),NO,PRI,,"",""
e_team,name,varchar(255),YES,"",,"",施工单位队伍名称
e_team,pid,varchar(64),YES,"",,"",""
e_team,charge,varchar(64),YES,"",,"",负责人
e_team,tel,varchar(64),YES,"",,"",电话
e_team,create_time,datetime,YES,"",,"",""
e_team,update_time,datetime,YES,"",,"",""
e_team,del_flag,int(1),YES,"",,"",""
e_team,bd,varchar(255),YES,"",,"",标段
e_team,station_info,varchar(255),YES,"",,"",驻地信息
e_team,station_longitude,varchar(255),YES,"",,"",驻地位置（经度）
e_team,station_latitude,varchar(255),YES,"",,"",驻地位置（纬度）
e_team_copy,id,varchar(64),NO,PRI,,"",""
e_team_copy,name,varchar(255),YES,"",,"",施工单位队伍名称
e_team_copy,pid,varchar(64),YES,"",,"",""
e_team_copy,charge,varchar(64),YES,"",,"",负责人
e_team_copy,tel,varchar(64),YES,"",,"",电话
e_team_copy,create_time,datetime,YES,"",,"",""
e_team_copy,update_time,datetime,YES,"",,"",""
e_team_copy,del_flag,int(1),YES,"",,"",""
e_team_copy,bd,varchar(255),YES,"",,"",标段
sb_device,id,bigint(20),NO,PRI,,auto_increment,""
sb_device,device_code,varchar(255),YES,"",,"",设备编码
sb_device,name,varchar(255),YES,"",,"",设备名称
sb_device,type,varchar(255),YES,"",,"",设备类型 01 车辆 02 人在感知 03 工器具
sb_device,model,varchar(255),YES,"",,"",型号
sb_device,org,varchar(255),YES,"",,"",所属单位
sb_device,custodial_staff,varchar(255),YES,"",,"",保管人
sb_device,custodial_staff_phone,varchar(255),YES,"",,"",保管人联系电话
sb_device,status,varchar(255),YES,"",,"",设备状态
sb_device,position_terminal_code,varchar(255),YES,"",,"",定位终端编号
sb_device,position_terminal_type,varchar(255),YES,"",,"",定位终端类型
sb_device,beidou_code,varchar(255),YES,"",,"",北斗卡号
sb_device,support_position_upload,char(1),YES,"",,"",支持位置上报  Y支持   N不支持
sb_device,support_short_message,char(1),YES,"",,"",支持短报文上报 Y支持  N不支持
sb_device,remark,varchar(255),YES,"",,"",备注
sb_device,create_time,datetime,YES,"",,"",""
sb_device,update_time,datetime,YES,"",,"",""
sb_device,e_point_id,int(11),YES,"",,"",所属标段id
sb_device,contractor,varchar(100),YES,"",,"",施工单位
sb_device,subcontractor,varchar(100),YES,"",,"",分包单位
sb_device,license_plate,varchar(20),YES,"",,"",车牌号
sb_device,vehicle_registration,varchar(100),YES,"",,"",行驶证文件地址
sb_device,e_point_project,varchar(255),YES,"",,"",标段名
sb_device,is_resident,tinyint(1),YES,"",,"",是否常驻
sb_device,e_point_point_code,varchar(56),YES,"",,"",杆塔
sb_device,work_plan_id,varchar(64),YES,"",,"",作业计划id
sb_device,is_plan_id,tinyint(4),YES,"",,"",是否关联作业地点
sb_device,picture,varchar(100),YES,"",,"",照片文件地址
sb_device_alarm_config,id,int(11),NO,PRI,,auto_increment,""
sb_device_alarm_config,device_type,varchar(255),YES,"",,"",设备类型  01车辆  02人在感知  03工器具
sb_device_alarm_config,device_code,varchar(255),YES,"",,"",设备编码
sb_device_alarm_config,alarm_level,int(11),YES,"",,"",告警级别  1低风险   2中风险   3高风险
sb_device_alarm_config,distance,int(11),YES,"",,"",距离
sb_device_alarm_config,time_span,int(11),YES,"",,"","时间跨度,单位分钟"
sb_device_alarm_config,limit_val,int(11),YES,"",,"",限制次数
sb_device_alarm_config,create_time,datetime,YES,"",,"",""
sb_device_alarm_config,update_time,datetime,YES,"",,"",""
sb_device_alarm_config,updator,varchar(255),YES,"",,"",修改人
sb_device_alarm_config_copy1,id,int(11),NO,PRI,,auto_increment,""
sb_device_alarm_config_copy1,device_type,varchar(255),YES,"",,"",设备类型  01车辆  02人在感知  03工器具
sb_device_alarm_config_copy1,device_code,varchar(255),YES,"",,"",设备编码
sb_device_alarm_config_copy1,alarm_level,int(11),YES,"",,"",告警级别  1低风险   2中风险   3高风险
sb_device_alarm_config_copy1,distance,int(11),YES,"",,"",距离
sb_device_alarm_config_copy1,time_span,int(11),YES,"",,"","时间跨度,单位分钟"
sb_device_alarm_config_copy1,limit_val,int(11),YES,"",,"",限制次数
sb_device_alarm_config_copy1,create_time,datetime,YES,"",,"",""
sb_device_alarm_config_copy1,update_time,datetime,YES,"",,"",""
sb_device_alarm_config_copy1,updator,varchar(255),YES,"",,"",修改人
sb_device_attributes,id,bigint(20),NO,PRI,,auto_increment,""
sb_device_attributes,device_id,bigint(20),YES,MUL,,"",设备id
sb_device_attributes,attribute_name,varchar(255),YES,"",,"",属性名
sb_device_attributes,attribute_value,varchar(255),YES,"",,"",属性值
sb_position,id,int(11),NO,PRI,,auto_increment,""
sb_position,device_code,varchar(255),YES,MUL,,"",设备编号
sb_position,device_type,varchar(56),YES,"",,"",设备类型 01 车辆 02 人在感知 03 工器具
sb_position,longitude,double,YES,"",,"",经度
sb_position,latitude,double,YES,"",,"",纬度
sb_position,altitude,"double(255,0)",YES,"",,"",高程
sb_position,coordinate,varchar(255),YES,"",,"",坐标
sb_position,trigger_time,datetime,YES,MUL,,"",触发时间
sb_position,alarm_type,varchar(56),YES,"",,"",报警类型（探针报警含类型）
sb_position,alarm_info,varchar(56),YES,"",,"",报警信息描述
sb_position,remark,varchar(255),YES,"",,"",备注
sb_position,create_time,datetime,YES,"",,"",""
sb_position_copy1,id,int(11),NO,PRI,,auto_increment,""
sb_position_copy1,device_code,varchar(255),YES,MUL,,"",设备编号
sb_position_copy1,device_type,varchar(56),YES,"",,"",设备类型 01 车辆 02 人在感知 03 工器具
sb_position_copy1,longitude,double,YES,"",,"",经度
sb_position_copy1,latitude,double,YES,"",,"",纬度
sb_position_copy1,altitude,"double(255,0)",YES,"",,"",高程
sb_position_copy1,coordinate,varchar(255),YES,"",,"",坐标
sb_position_copy1,trigger_time,datetime,YES,MUL,,"",触发时间
sb_position_copy1,alarm_type,varchar(56),YES,"",,"",报警类型（探针报警含类型）
sb_position_copy1,alarm_info,varchar(56),YES,"",,"",报警信息描述
sb_position_copy1,remark,varchar(255),YES,"",,"",备注
sb_position_copy1,create_time,datetime,YES,"",,"",""
sys_baoduan_code,baoduan_id,int(11),NO,"",,"",包段id
sys_baoduan_code,code,varchar(255),NO,"",,"",人员编码或部门编码或公司编码
sys_isc_org,org_id,varchar(128),NO,PRI,,"",部门ID
sys_isc_org,org_name,varchar(400),YES,"",,"",部门名称
sys_isc_org,org_type,varchar(120),YES,"",,"",""
sys_isc_org,parent_id,varchar(128),YES,"",,"",上级部门ID
sys_isc_org,org_path,varchar(1000),YES,"",,"",全路径部门Id
sys_isc_org,org_name_path,varchar(1000),YES,"",,"",全路径部门名称
sys_isc_org,cms_org_no,varchar(32),YES,"",,"",营销机构编码
sys_isc_org,cms_org_name,varchar(128),YES,"",,"",营销机构编码名称
sys_isc_org_250525,org_id,varchar(128),NO,PRI,,"",部门ID
sys_isc_org_250525,org_name,varchar(400),YES,"",,"",部门名称
sys_isc_org_250525,org_type,varchar(120),YES,"",,"",""
sys_isc_org_250525,parent_id,varchar(128),YES,"",,"",上级部门ID
sys_isc_org_250525,org_path,varchar(1000),YES,"",,"",全路径部门Id
sys_isc_org_250525,org_name_path,varchar(1000),YES,"",,"",全路径部门名称
sys_isc_org_250525,cms_org_no,varchar(32),YES,"",,"",营销机构编码
sys_isc_org_250525,cms_org_name,varchar(128),YES,"",,"",营销机构编码名称
sys_isc_user,user_id,varchar(128),NO,PRI,,"",用户ID
sys_isc_user,baseorg_id,varchar(128),YES,"",,"",部门Id
sys_isc_user,username,varchar(480),YES,"",,"",用户名称
sys_isc_user,namecode,varchar(400),YES,"",,"",用户OA
sys_isc_user,title,varchar(320),YES,"",,"",""
sys_isc_user,org_name,varchar(400),YES,"",,"",部门名称
sys_isc_user,org_path,varchar(1000),YES,"",,"",全路径id
sys_isc_user,org_name_path,varchar(1000),YES,"",,"",全路径名称
sys_isc_user,parent_org_id,varchar(320),YES,"",,"",上级部门id
sys_isc_user,parent_org_name,varchar(320),YES,"",,"",上级部门名称
sys_isc_user_250525,user_id,varchar(128),NO,PRI,,"",用户ID
sys_isc_user_250525,baseorg_id,varchar(128),YES,"",,"",部门Id
sys_isc_user_250525,username,varchar(480),YES,"",,"",用户名称
sys_isc_user_250525,namecode,varchar(400),YES,"",,"",用户OA
sys_isc_user_250525,title,varchar(320),YES,"",,"",""
sys_isc_user_250525,org_name,varchar(400),YES,"",,"",部门名称
sys_isc_user_250525,org_path,varchar(1000),YES,"",,"",全路径id
sys_isc_user_250525,org_name_path,varchar(1000),YES,"",,"",全路径名称
sys_isc_user_250525,parent_org_id,varchar(320),YES,"",,"",上级部门id
sys_isc_user_250525,parent_org_name,varchar(320),YES,"",,"",上级部门名称
sys_role,id,int(11),NO,PRI,,auto_increment,角色主键id
sys_role,role,int(11),NO,"",,"",角色：1：超级管理员；2：普通角色
sys_role,role_name,varchar(30),NO,"",,"",角色名称
sys_role,create_time,datetime,YES,"",,"",创建时间
sys_role,update_time,datetime,YES,"",,"",更新时间
sys_user_role,user_id,varchar(255),NO,PRI,,"",人员编码
sys_user_role,role_id,int(11),NO,"",,"",角色id
uav,id,int(11),NO,PRI,,auto_increment,""
uav,address,varchar(125),YES,"",,"",位置
uav,autopliot_sn,varchar(125),YES,"",,"",飞控编号
uav,channel,varchar(125),YES,"",,"",通道
uav,created_at,varchar(125),YES,"",,"",创建时间
uav,custom_name,varchar(125),YES,"",,"",自定义名称
uav,uav_id,bigint(11),YES,"",,"",id
uav,is_update,tinyint(1),YES,"",,"",是否可更新
uav,manufacturer,varchar(125),YES,"",,"",厂商
uav,product_id,bigint(11),YES,"",,"",无人机对应更新飞控程序唯一标识
uav,registration_no,varchar(125),YES,"",,"",无人机登记号
uav,total_count,int(11),YES,"",,"",飞行总架次
uav,type,varchar(125),YES,"",,"",类别
uav,type_id,bigint(11),YES,"",,"",类别id
uav,uav_fversion,varchar(125),YES,"",,"",无人机当前飞控版本
uav,uav_model,varchar(125),YES,"",,"",型号
uav,uav_model_id,bigint(11),YES,"",,"",型号id
uav,uav_sn,varchar(125),YES,"",,"",编号
uav,uav_state,int(11),YES,"",,"",无人机状态 0离线 1在线 2更新中
uav,updated_at,varchar(125),YES,"",,"",更新时间
uav,pic,varchar(255),YES,"",,"",照片
uav,driver,varchar(64),YES,"",,"",飞手
uav,tel,varchar(64),YES,"",,"",电话
uav,data_recource,int(1),YES,"",,"",数据来源
uav,spot,varchar(255),YES,"",,"",点位
uav,binds,varchar(500),YES,"",,"",可巡飞标段
uav,entry_at,datetime,YES,"",,"",进入系统时间
uav_flight_missions,id,int(11),NO,PRI,,auto_increment,""
uav_flight_missions,mession_id,varchar(64),YES,"",,"",任务ID
uav_flight_missions,e_point_point_code,varchar(60),YES,"",,"",e基建点位编号
uav_flight_missions,e_point_project,varchar(255),YES,"",,"",e基建项目
uav_flight_missions,alarm_id,int(11),YES,"",,"",告警id
uav_flight_missions,work_plan_id,varchar(64),YES,"",,"",作业计划id
uav_flight_missions,work_plan_name,text,YES,"",,"",作业名称
uav_flight_missions,work_place,varchar(2000),YES,"",,"",作业地点
uav_flight_missions,task_person_name,varchar(20),YES,"",,"",任务下发人
uav_flight_missions,task_status,tinyint(1),YES,"",,"",执行状态：1 待创建，2 待开始 3 执行中
uav_flight_missions,longitude,double,YES,"",,"",经度
uav_flight_missions,latitude,double,YES,"",,"",纬度
uav_flight_missions,uav_resource_id,int(11),YES,"",,"",无人机资源id
uav_flight_missions,check_status,tinyint(1),YES,"",,"",核查状态 0 待核查   1 已核查属实 2 已核查不属实
uav_flight_missions,risk_level,tinyint(1),YES,"",,"",风险等级  风险等级 1无风险   2低风险   3中风险    4高风险
uav_flight_missions,check_remark,varchar(300),YES,"",,"",核查描述
uav_flight_missions,check_time,datetime,YES,"",,"",核查时间
uav_flight_missions,create_time,datetime,YES,"",,"",""
uav_flight_missions,update_time,datetime,YES,"",,"",""
uav_flight_missions,mession_type,int(1),YES,"",,"",任务类型
uav_flight_missions,mession_name,varchar(255),YES,"",,"",任务名称
uav_flight_missions,plan_no,varchar(50),YES,"",,"",计划编号
uav_flight_missions,plan_name,varchar(100),YES,"",,"",计划名称
uav_flight_missions,plan_status,tinyint(2),YES,"",,"",计划状态
uav_flight_missions,plan_state,tinyint(2),YES,"",,"",计划列表显示状态
uav_flight_missions,plan_type,tinyint(2),YES,"",,"",任务类型
uav_flight_missions,start_site_name,varchar(100),YES,"",,"",起飞机库名称
uav_flight_missions,start_site_sn,varchar(50),YES,"",,"",起飞机库sn
uav_flight_missions,land_site_name,varchar(100),YES,"",,"",降落机库名称
uav_flight_missions,land_site_sn,varchar(50),YES,"",,"",降落机库sn
uav_flight_missions,uav_type,tinyint(2),YES,"",,"",计划设备类型
uav_flight_missions,uav_model_name,varchar(100),YES,"",,"",无人机型号
uav_plan,id,int(11),NO,PRI,,auto_increment,""
uav_plan,plan_no,varchar(50),YES,"",,"",计划编号
uav_plan,plan_name,varchar(100),YES,MUL,,"",计划名称
uav_plan,plan_status,tinyint(2),YES,"",,"",计划状态
uav_plan,plan_state,tinyint(2),YES,"",,"",计划列表显示状态
uav_plan,plan_type,tinyint(2),YES,"",,"",任务类型
uav_plan,start_site_name,varchar(100),YES,"",,"",起飞机库名称
uav_plan,start_site_sn,varchar(50),YES,"",,"",起飞机库名称
uav_plan,land_site_name,varchar(100),YES,"",,"",降落机库名称
uav_plan,land_site_sn,varchar(50),YES,"",,"",降落机库名称
uav_plan,uav_model_name,varchar(100),YES,"",,"",降落机库名称
uav_plan,uav_type,tinyint(2),YES,"",,"",计划设备类型
uav_plan,create_time,datetime,YES,"",,"",""
uav_plan,update_time,datetime,YES,"",,"",""
uav_resource,id,int(11),NO,PRI,,auto_increment,""
uav_resource,plan_no,varchar(255),YES,"",,"",任务编号
uav_resource,record_no,varchar(255),YES,"",,"",架次编号
uav_resource,file_type,varchar(125),YES,"",,"",文件类型
uav_resource,created_at,datetime,YES,"",,"",资源生成时间
uav_resource,file_name,varchar(125),YES,"",,"",文件名称
uav_resource,file_url,varchar(255),YES,"",,"",文件路径
uav_resource,file_id,varchar(125),YES,"",,"",文件id
uav_resource,longitude,double,YES,"",,"",经度
uav_resource,latitude,double,YES,"",,"",纬度
uav_resource,altitude,double,YES,"",,"",高度
uav_resource,create_time,datetime,YES,"",,"",""
uav_resource,geo_point,point,YES,"",,"",文件坐标
uav_resource,data_resource,int(1),YES,"",,"",数据来源
uav_resource,mession_id,varchar(64),YES,"",,"",任务ID
uav_resource,is_ai,tinyint(1),YES,"",,"",""
uav_site,id,int(11),NO,PRI,,auto_increment,""
uav_site,address,varchar(255),YES,"",,"",位置
uav_site,created_at,varchar(125),YES,"",,"",创建时间
uav_site,custom_name,varchar(125),YES,"",,"",自定义名称
uav_site,hangar_fversion,varchar(225),YES,"",,"",主控M1程序版本号
uav_site,site_id,bigint(11),YES,"",,"",id
uav_site,is_online,int(11),YES,"",,"",是否在线
uav_site,is_update,tinyint(1),YES,"",,"",是否更新
uav_site,manufacturer,varchar(125),YES,"",,"",厂商
uav_site,site_model,varchar(125),YES,"",,"",型号
uav_site,site_model_id,bigint(11),YES,"",,"",站点型号id
uav_site,site_sn,varchar(125),YES,"",,"",编号
uav_site,station_type,varchar(125),YES,"",,"",站点类型
uav_site,type,varchar(125),YES,"",,"",类别
uav_site,type_id,int(11),YES,"",,"",类别id
uav_telemetry,id,int(11),NO,PRI,,auto_increment,""
uav_telemetry,sn_id,varchar(125),YES,"",,"",飞控编号
uav_telemetry,is_connected,tinyint(1),YES,"",,"",true正常，false断连
uav_telemetry,warn_type,int(11),YES,"",,"","0无风险；1三级缓冲区（发现），2二级缓冲区（靠近），3一级缓冲区（抵达），4地面风险"
uav_telemetry,nav_status,int(11),YES,"",,"",""
uav_telemetry,single_dual_link,tinyint(1),YES,"",,"",""
uav_telemetry,time_stamp,double,YES,"",,"",""
uav_telemetry,uav_lat,double,YES,"",,"",""
uav_telemetry,uav_lon,double,YES,"",,"",""
uav_telemetry,uav_h_m_s_l,double,YES,"",,"",""
uav_telemetry,v_gnd,double,YES,"",,"",""
uav_telemetry,v_north,double,YES,"",,"",""
uav_telemetry,v_east,double,YES,"",,"",""
uav_telemetry,v_down,double,YES,"",,"",""
uav_telemetry,num_s_v,int(11),YES,"",,"",""
uav_telemetry,p_d_o_p,double,YES,"",,"",""
uav_telemetry,pos_type,int(11),YES,"",,"",""
uav_telemetry,t_a_s,double,YES,"",,"",""
uav_telemetry,r_p_m,int(11),YES,"",,"",""
uav_telemetry,left_r_p_m,int(11),YES,"",,"",""
uav_telemetry,right_r_p_m,int(11),YES,"",,"",""
uav_telemetry,throttle,int(11),YES,"",,"",""
uav_telemetry,uav_pitch,double,YES,"",,"",""
uav_telemetry,uav_yaw,double,YES,"",,"",""
uav_telemetry,uav_roll,double,YES,"",,"",""
uav_telemetry,main_power_v,double,YES,"",,"",""
uav_telemetry,main_power_a,double,YES,"",,"",""
uav_telemetry,ap_mode,int(11),YES,"",,"",""
uav_telemetry,photo_num,int(11),YES,"",,"",""
uav_telemetry,tracker,int(11),YES,"",,"",""
uav_telemetry,take_off,tinyint(1),YES,"",,"",""
uav_telemetry,gps_heading,double,YES,"",,"",""
uav_telemetry,rtk_ext_sol_stat,double,YES,"",,"",""
uav_telemetry,flight_distance,double,YES,"",,"",""
uav_telemetry,cur_flight_time,varchar(125),YES,"",,"",""
uav_telemetry,assi_mode,int(11),YES,"",,"",""
uav_telemetry,rssi_status,tinyint(1),YES,"",,"",""
uav_telemetry,sbus_status,int(11),YES,"",,"",""
uav_telemetry,uav_alt,double,YES,"",,"",""
uav_telemetry,tx,double,YES,"",,"",""
uav_telemetry,rx,double,YES,"",,"",""
uav_telemetry,mag_cali_status,int(11),YES,"",,"",""
uav_telemetry,lidar_forward_dist,double,YES,"",,"",""
uav_telemetry,lidar_downward_dist,double,YES,"",,"",""
uav_telemetry,lidar_left_dist,double,YES,"",,"",""
uav_telemetry,lidar_right_dist,double,YES,"",,"",""
uav_telemetry,lidar_back_dist,double,YES,"",,"",""
uav_telemetry,lidar_forward_state,tinyint(1),YES,"",,"",""
uav_telemetry,lidar_downward_state,tinyint(1),YES,"",,"",""
uav_telemetry,lidar_left_state,tinyint(1),YES,"",,"",""
uav_telemetry,lidar_right_state,tinyint(1),YES,"",,"",""
uav_telemetry,lidar_back_state,tinyint(1),YES,"",,"",""
uav_telemetry,cam_status,int(11),YES,"",,"",""
uav_telemetry,cam_depth,double,YES,"",,"",""
uav_telemetry,wind_speed,double,YES,"",,"",""
uav_telemetry,south_wind,double,YES,"",,"",""
uav_telemetry,west_wind,double,YES,"",,"",""
uav_telemetry,device_model1,varchar(125),YES,"",,"",""
uav_telemetry,device_model2,varchar(125),YES,"",,"",""
uav_telemetry,create_time,datetime,YES,"",,"",""
uav_telemetry,trigger_time,datetime,YES,"",,"",时间戳，由time_stamp格式化而来
weather_risk,id,int(10) unsigned,NO,PRI,,auto_increment,""
weather_risk,work_plan_id,varchar(64),YES,MUL,,"",作业计划id
weather_risk,work_plan_name,varchar(1024),YES,"",,"",作业名称
weather_risk,work_contents,varchar(3072),YES,"",,"",作业内容
weather_risk,work_state,varchar(64),YES,"",,"",作业状态
weather_risk,work_org,varchar(256),YES,"",,"",作业单位
weather_risk,work_org_id,varchar(64),YES,"",,"",作业单位id
weather_risk,longitude,double,YES,"",,"",作业经度
weather_risk,latitude,double,YES,"",,"",作业纬度
weather_risk,risk_type,varchar(64),YES,"",,"",风险类型
weather_risk,risk_type_name,varchar(64),YES,"",,"",风险类型名称
weather_risk,val,double,YES,"",,"",风险值
weather_risk,pre_time,datetime,YES,"",,"",风险开始时间
weather_risk,data_time,datetime,YES,"",,"",风险结束时间
weather_risk,create_time,datetime,YES,"",,"",""
weather_risk,update_time,datetime,YES,"",,"",""
weather_risk,construction_org_id,varchar(64),YES,"",,"",施工单位id
weather_risk,construction_org,varchar(256),YES,"",,"",施工单位
zy_alarm,id,int(11),NO,PRI,,auto_increment,""
zy_alarm,alarm_source,varchar(255),YES,"",,"",告警来源：DW_DEVICE 定位设备监测       XS_UAV 无人机巡视
zy_alarm,device_code,varchar(256),YES,MUL,,"",告警来源为DW_DEVICE时，存设备编码；告警来源为XS_UAV时，存资源ID
zy_alarm,begin_time,datetime,YES,"",,"",开始时间（发生时间）
zy_alarm,end_time,datetime,YES,"",,"",(暂时不合并报警)
zy_alarm,e_point_id,int(11),YES,MUL,,"",""
zy_alarm,e_point_code,varchar(125),YES,MUL,,"",e基建点位code
zy_alarm,project_name,varchar(125),YES,"",,"",项目名称
zy_alarm,alarm_level,int(11),YES,"",,"",报警等级 1 低风险   2 中风险   3 高风险
zy_alarm,check_status,int(11),YES,"",,"",核查状态：0 未核查（初始默认）   1 已核查属实     2 已核查不属实
zy_alarm,check_remark,varchar(256),YES,"",,"",核查备注
zy_alarm,check_time,datetime,YES,"",,"",核查时间
zy_alarm,create_time,datetime,YES,"",,"",""
zy_alarm,update_time,datetime,YES,"",,"",""
zy_alarm_config,id,int(11),NO,MUL,,auto_increment,""
zy_alarm_config,device_type,varchar(125),YES,"",,"",设备类型  01车辆  02人在感知  03工器具
zy_alarm_config,alarm_level,varchar(125),YES,"",,"",告警级别  1低风险   2中风险   3高风险
zy_alarm_config,distance,int(11),YES,"",,"",距离
zy_alarm_config,time_span,int(11),YES,"",,"","时间跨度,单位分钟"
zy_alarm_config,limit_val,int(11),YES,"",,"",限制次数
zy_alarm_config,create_time,datetime,YES,"",,"",""
zy_alarm_config,update_time,datetime,YES,"",,"",""
zy_alarm_config,updator,varchar(125),YES,"",,"",修改者
zy_alarm_copy2,id,int(11),NO,PRI,,auto_increment,""
zy_alarm_copy2,alarm_source,varchar(255),YES,"",,"",告警来源：DW_DEVICE 定位设备监测       XS_UAV 无人机巡视
zy_alarm_copy2,device_code,varchar(256),YES,MUL,,"",告警来源为DW_DEVICE时，存设备编码；告警来源为XS_UAV时，存资源ID
zy_alarm_copy2,begin_time,datetime,YES,"",,"",开始时间（发生时间）
zy_alarm_copy2,end_time,datetime,YES,"",,"",(暂时不合并报警)
zy_alarm_copy2,e_point_id,int(11),YES,MUL,,"",""
zy_alarm_copy2,e_point_code,varchar(125),YES,"",,"",e基建点位code
zy_alarm_copy2,project_name,varchar(125),YES,"",,"",项目名称
zy_alarm_copy2,alarm_level,int(11),YES,"",,"",报警等级 1 低风险   2 中风险   3 高风险
zy_alarm_copy2,check_status,int(11),YES,"",,"",核查状态：0 未核查（初始默认）   1 已核查属实     2 已核查不属实
zy_alarm_copy2,check_remark,varchar(256),YES,"",,"",核查备注
zy_alarm_copy2,check_time,datetime,YES,"",,"",核查时间
zy_alarm_copy2,create_time,datetime,YES,"",,"",""
zy_alarm_copy2,update_time,datetime,YES,"",,"",""
zy_alarm_sigle_point,id,int(11),YES,"",,"",""
zy_alarm_sigle_point,device_code,varchar(125),YES,"",,"",设备编号
zy_alarm_sigle_point,device_type,varchar(125),YES,"",,"",设备类型
zy_alarm_sigle_point,begin_time,datetime,YES,"",,"",开始时间
zy_alarm_sigle_point,end_time,datetime,YES,"",,"",结束时间
zy_alarm_sigle_point,e_point_id,int(11),YES,"",,"",作业点id
zy_alarm_sigle_point,e_point_code,varchar(125),YES,"",,"",作业点code
zy_alarm_sigle_point,project_name,varchar(125),YES,"",,"",项目名称
zy_alarm_sigle_point,alarm_level,int(11),YES,"",,"",告警级别
zy_alarm_sigle_point,create_time,datetime,YES,"",,"",""
zy_alarm_synthesize_config,id,int(11),NO,PRI,,auto_increment,""
zy_alarm_synthesize_config,alarm_level,int(255),YES,"",,"",告警级别  1低风险   2中风险   3高风险
zy_alarm_synthesize_config,time_span,int(255),YES,"",,"",时间跨度，单位分钟
zy_alarm_synthesize_config,single_alarm_level,int(255),YES,"",,"",判定目标（由几种设备类型报的某一种风险，字段定义检查的”风险“等级）：单项报警级别，1联合判定低风险  2联合判定中风险
zy_alarm_synthesize_config,single_alarm_device_type_num,int(255),YES,"",,"",上报该风险等级的设备类别数量
zy_alarm_synthesize_config,create_time,datetime,YES,"",,"",""
zy_alarm_synthesize_config,update_time,datetime,YES,"",,"",""
zy_alarm_synthesize_config,updator,varchar(255),YES,"",,"",修改人
zy_person,id,bigint(20),NO,PRI,,auto_increment,""
zy_person,name,varchar(255),YES,"",,"",姓名
zy_person,gender,varchar(255),YES,"",,"",性别
zy_person,company,varchar(255),YES,"",,"",公司
zy_person,outsourcing_team,varchar(255),YES,"",,"",外包队伍名称
zy_person,position,varchar(255),YES,"",,"",岗位
zy_person,data_source,tinyint(4),YES,"",,"",数据来源：1 系统录入  2 系统导入  3 风控接入
zy_person,type,tinyint(4),YES,"",,"",人员类别： 1在编人员   2外包人员
zy_person,remark,varchar(255),YES,"",,"",北斗设备编号
zy_person,create_time,datetime,YES,"",,"",""
zy_person,update_time,datetime,YES,"",,"",""
zy_plan,id,bigint(20),NO,PRI,,auto_increment,""
zy_plan,plan_code,varchar(255),YES,"",,"",计划编码
zy_plan,name,varchar(255),YES,"",,"",计划名称
zy_plan,scheduled_begin_time,datetime,YES,"",,"",计划开始时间
zy_plan,scheduled_end_time,datetime,YES,"",,"",计划开始结束
zy_plan,actual_start_time,datetime,YES,"",,"",实际开始时间
zy_plan,actual_end_time,datetime,YES,"",,"",实际结束时间
zy_plan,corrdinate,varchar(255),YES,"",,"",作业位置坐标
zy_plan,create_time,datetime,YES,"",,"",数据同步时间
zy_plan,update_time,datetime,YES,"",,"",""
zy_plan_device,id,bigint(20),NO,PRI,,auto_increment,""
zy_plan_device,plan_id,bigint(20),YES,MUL,,"",计划id
zy_plan_device,device_id,bigint(20),YES,MUL,,"",设备id
zy_plan_device,status,varchar(20),YES,"",,"",关系状态  KEEP保持   RELIEVE已接触
zy_plan_device,create_time,datetime,YES,"",,"",""
zy_plan_device,update_time,datetime,YES,"",,"",""
zy_plan_org,id,bigint(20),NO,PRI,,auto_increment,""
zy_plan_org,org_isc_id,varchar(255),NO,MUL,,"",""
zy_plan_org,name,varchar(100),YES,"",,"",""
zy_plan_org,plan_org_id,varchar(100),YES,"",,"",""
zy_plan_org,create_time,datetime,YES,"",,"",""
zy_plan_org,update_time,datetime,YES,"",,"",""
zy_plan_person,id,bigint(20),NO,PRI,,auto_increment,""
zy_plan_person,plan_id,bigint(20),YES,MUL,,"",计划id
zy_plan_person,person_id,varchar(30),YES,MUL,,"",人员id
zy_plan_person,status,varchar(20),YES,"",,"",关系状态  KEEP保持   RELIEVE已接触
zy_plan_person,create_time,datetime,YES,"",,"",""
zy_plan_person,update_time,datetime,YES,"",,"",""
